0,QUAT,1073654849,6002916,-6910788,-10146705
0,ACCEL,7288,-13520,1808
0,GYRO,277,-217,-366
0,COMPASS,9830,-9831,-9831
1,QUAT,1073265726,21686543,-20989587,-10518648
1,ACCEL,9472,-13640,2352
1,GYRO,631,-460,-17
1,COMPASS,-86,116,32
2,QUAT,1073289960,17065459,-20957012,-15463888
2,ACCEL,10888,-14216,1392
2,GYRO,-106,44,-179
2,COMPASS,-86,114,32
3,QUAT,1073473035,-286324,-8452930,-22481132
3,ACCEL,10784,-14096,832
3,GYRO,-573,485,-250
3,COMPASS,-85,112,29
4,QUAT,1073459018,-15069570,-1088266,-19460948
4,ACCEL,10976,-14536,1584
4,GYRO,-537,254,113
4,COMPASS,-88,113,31
5,QUAT,1073301417,-29806771,212446,-7517061
5,ACCEL,10112,-13512,2672
5,GYRO,-472,77,433
5,COMPASS,-87,112,33
6,QUAT,1072920960,-39404657,14108424,2886760
6,ACCEL,10216,-12128,3480
6,GYRO,-297,534,392
6,COMPASS,-89,112,34
7,QUAT,1071699226,-54538302,36868957,6011521
7,ACCEL,10520,-11016,2728
7,GYRO,-498,865,142
7,COMPASS,-86,109,35
8,QUAT,1068895153,-85154725,54776875,8000897
8,ACCEL,9264,-10912,936
8,GYRO,-1105,650,67
8,COMPASS,-84,112,37
9,QUAT,1064046487,-123549935,73411351,8527606
9,ACCEL,9160,-11640,968
9,GYRO,-1338,727,17
9,COMPASS,-86,107,38
10,QUAT,1056966493,-161696134,97834056,5074760
10,ACCEL,9488,-12552,672
10,GYRO,-1324,956,-94
10,COMPASS,-88,105,41
11,QUAT,1042535931,-218605167,135042875,3227206
11,ACCEL,9760,-14616,-240
11,GYRO,-2028,1429,-19
11,COMPASS,-90,104,40
12,QUAT,1001943079,-322224120,212535689,5635819
12,ACCEL,8872,-21472,-2520
12,GYRO,-3956,2911,189
12,COMPASS,-96,98,41
13,QUAT,935909278,-438715008,289125219,30483784
13,ACCEL,6736,-28040,-8320
13,GYRO,-4844,2829,854
13,COMPASS,-100,89,44
14,QUAT,877477807,-552983421,254019253,112369531
14,ACCEL,8768,-20240,-12440
14,GYRO,-5334,-1641,1016
14,COMPASS,-108,74,43
15,QUAT,807015643,-654630298,193789173,188552868
15,ACCEL,13160,-16040,-17528
15,GYRO,-5232,-2226,530
15,COMPASS,-105,69,51
16,QUAT,746383503,-728503529,128361186,220542241
16,ACCEL,13304,-9368,-13960
16,GYRO,-3974,-1623,-673
16,COMPASS,-98,51,60
17,QUAT,725217639,-756154646,34975918,232322712
17,ACCEL,13200,-2104,-12000
17,GYRO,-1911,-2358,-1896
17,COMPASS,-87,29,68
18,QUAT,712540901,-766744068,-45801150,234973949
18,ACCEL,10184,-1992,-11240
18,GYRO,-1170,-1955,-1854
18,COMPASS,-77,13,68
19,QUAT,697986370,-777099921,-107072149,224472216
19,ACCEL,8128,-4128,-10080
19,GYRO,-1123,-1137,-1699
19,COMPASS,-71,8,69
20,QUAT,681828113,-784006334,-157763991,220173483
20,ACCEL,5216,-5312,-11568
20,GYRO,-981,-1082,-1277
20,COMPASS,-59,4,72
21,QUAT,665377710,-789985692,-193691437,220453071
21,ACCEL,3808,-5000,-12088
21,GYRO,-839,-928,-793
21,COMPASS,-51,-4,70
22,QUAT,656286661,-795240599,-213395252,210387279
22,ACCEL,3080,-3320,-11648
22,GYRO,-573,-251,-655
22,COMPASS,-44,-8,68
23,QUAT,656937929,-791249212,-228355885,207680112
23,ACCEL,2544,-1936,-13032
23,GYRO,-22,-343,-503
23,COMPASS,-41,-12,67
24,QUAT,670693005,-778889406,-235527225,202361503
24,ACCEL,1680,-480,-14392
24,GYRO,546,-58,-508
24,COMPASS,-42,-11,65
25,QUAT,693191204,-762617853,-232469841,191779036
25,ACCEL,1160,-952,-13888
25,GYRO,892,354,-447
25,COMPASS,-38,-9,66
26,QUAT,686247650,-772692565,-232828580,175278692
26,ACCEL,960,-904,-13440
26,GYRO,-541,370,-276
26,COMPASS,-38,-6,68
27,QUAT,685182816,-769100211,-240996726,183987352
27,ACCEL,184,-4560,-15632
27,GYRO,144,-493,-39
27,COMPASS,-38,-3,69
28,QUAT,684669857,-763561741,-253854984,191519420
28,ACCEL,696,0,-19264
28,GYRO,98,-582,-207
28,COMPASS,-37,-5,66
29,QUAT,684601760,-767564642,-250679532,179572013
29,ACCEL,-736,-904,-15704
29,GYRO,-103,351,-170
29,COMPASS,-34,-7,71
30,QUAT,683053230,-771742924,-248873705,169806913
30,ACCEL,392,-528,-17152
30,GYRO,-128,253,-140
30,COMPASS,-35,-9,69
31,QUAT,685202849,-768391463,-252003765,171718114
31,ACCEL,112,-272,-15384
31,GYRO,202,-170,-84
31,COMPASS,-35,-5,67
32,QUAT,688880095,-765989413,-251122466,169007017
32,ACCEL,1056,-792,-17984
32,GYRO,136,55,-88
32,COMPASS,-36,-6,68
33,QUAT,687574229,-768987286,-251216114,160349979
33,ACCEL,544,-824,-15512
33,GYRO,-104,179,-175
33,COMPASS,-33,-6,69
34,QUAT,685802622,-771501532,-253164918,152607581
34,ACCEL,952,-240,-17056
34,GYRO,-100,112,-201
34,COMPASS,-34,-4,66
35,QUAT,683000276,-775104689,-254520863,144443200
35,ACCEL,856,-640,-16424
35,GYRO,-155,134,-182
35,COMPASS,-37,-6,69
36,QUAT,678865125,-779022355,-256644818,139000163
36,ACCEL,976,-280,-17120
36,GYRO,-174,38,-130
36,COMPASS,-37,-4,71
37,QUAT,674942692,-781573836,-259382109,138696887
37,ACCEL,936,-160,-17096
37,GYRO,-96,-114,-42
37,COMPASS,-34,-5,68
38,QUAT,669587877,-786412986,-259797092,136503414
38,ACCEL,664,-104,-16928
38,GYRO,-192,-12,1
38,COMPASS,-35,-5,68
39,QUAT,664836343,-790592424,-260602560,134027427
39,ACCEL,296,-112,-16768
39,GYRO,-166,-14,-27
39,COMPASS,-34,-10,66
40,QUAT,662913497,-792569155,-259910498,133217999
40,ACCEL,328,-304,-16328
40,GYRO,-23,-8,18
40,COMPASS,-34,-6,67
41,QUAT,660506284,-794686512,-260373818,131646396
41,ACCEL,856,496,-17032
41,GYRO,-47,-18,-24
41,COMPASS,-34,-9,67
42,QUAT,662552209,-792997164,-259869404,132546630
42,ACCEL,624,272,-16784
42,GYRO,181,-43,2
42,COMPASS,-33,-9,69
43,QUAT,663925672,-792903716,-256598565,132605852
43,ACCEL,256,640,-16648
43,GYRO,132,45,73
43,COMPASS,-35,-9,65
44,QUAT,664571897,-794151486,-251857514,130981593
44,ACCEL,296,320,-16400
44,GYRO,73,125,90
44,COMPASS,-34,-5,67
45,QUAT,662265002,-797564699,-248835536,127660186
45,ACCEL,336,344,-16304
45,GYRO,-76,113,37
45,COMPASS,-35,-10,67
46,QUAT,660199452,-799526566,-248515482,126706311
46,ACCEL,552,40,-17120
46,GYRO,-26,-14,5
46,COMPASS,-34,-9,68
47,QUAT,658888681,-801479149,-246759650,124607086
47,ACCEL,312,184,-16928
47,GYRO,-10,57,14
47,COMPASS,-32,-9,64
48,QUAT,658759843,-802359531,-245043813,122998143
48,ACCEL,456,344,-16864
48,GYRO,49,50,11
48,COMPASS,-34,-6,67
49,QUAT,657847566,-802777840,-246262006,122717661
49,ACCEL,400,408,-17240
49,GYRO,39,-62,-40
49,COMPASS,-34,-9,69
50,QUAT,657008279,-803695791,-246398441,120918188
50,ACCEL,432,16,-16536
50,GYRO,18,9,-40
50,COMPASS,-33,-5,68
51,QUAT,652841069,-806885940,-249130502,116564841
51,ACCEL,416,232,-16848
51,GYRO,-152,4,-134
51,COMPASS,-33,-6,67
52,QUAT,647801929,-811275480,-250725986,110635741
52,ACCEL,1512,-1320,-16936
52,GYRO,-212,69,-121
52,COMPASS,-33,-8,65
53,QUAT,639836717,-817049196,-254747488,105169820
53,ACCEL,-848,2040,-16504
53,GYRO,-325,-12,-163
53,COMPASS,-35,-7,68
54,QUAT,637015438,-816926578,-262676403,103730518
54,ACCEL,-496,2264,-19024
54,GYRO,-109,-196,-251
54,COMPASS,-33,-10,67
55,QUAT,621533420,-823778253,-274555921,112339298
55,ACCEL,528,280,-16864
55,GYRO,-459,-632,-36
55,COMPASS,-33,-8,65
56,QUAT,621009052,-822926738,-279685532,108770974
56,ACCEL,3632,-2824,-21048
56,GYRO,-43,-56,-235
56,COMPASS,-32,-11,62
57,QUAT,622308668,-826872312,-267773799,101125098
57,ACCEL,136,2736,-15968
57,GYRO,2,459,191
57,COMPASS,-28,-9,62
58,QUAT,617886739,-833008383,-259244943,100111998
58,ACCEL,672,1936,-19176
58,GYRO,-225,147,272
58,COMPASS,-31,-13,62
59,QUAT,612533491,-837252261,-258456520,99653205
59,ACCEL,744,1368,-16160
59,GYRO,-164,-33,58
59,COMPASS,-33,-10,65
60,QUAT,614466445,-834523699,-259762893,106972103
60,ACCEL,-2672,1128,-16864
60,GYRO,247,-250,60
60,COMPASS,-32,-11,62
61,QUAT,620413965,-828067073,-263303925,113923620
61,ACCEL,832,1208,-18376
61,GYRO,353,-282,-48
61,COMPASS,-31,-13,64
62,QUAT,619403510,-830798680,-260025094,106847710
62,ACCEL,-1176,2080,-16320
62,GYRO,-58,236,-46
62,COMPASS,-30,-10,64
63,QUAT,616745619,-834544786,-257684534,98368341
63,ACCEL,120,776,-16272
63,GYRO,-143,247,-81
63,COMPASS,-31,-10,62
64,QUAT,614802778,-837262355,-255453508,93119804
64,ACCEL,-56,920,-16984
64,GYRO,-71,159,-29
64,COMPASS,-33,-11,63
65,QUAT,615117537,-838758872,-251788745,87377305
65,ACCEL,-80,1096,-16424
65,GYRO,16,217,-17
65,COMPASS,-35,-12,66
66,QUAT,614430218,-839788677,-249624050,88526480
66,ACCEL,-440,1480,-17184
66,GYRO,55,-17,81
66,COMPASS,-30,-12,65
67,QUAT,613824809,-841027621,-246765007,88980211
67,ACCEL,176,1008,-16960
67,GYRO,47,20,91
67,COMPASS,-35,-9,65
68,QUAT,612408652,-842189845,-245955749,89982607
68,ACCEL,560,1048,-17104
68,GYRO,25,-48,47
68,COMPASS,-34,-13,63
69,QUAT,609807738,-844611220,-244563387,88740866
69,ACCEL,240,1448,-15688
69,GYRO,-57,24,31
69,COMPASS,-33,-9,65
70,QUAT,608645368,-846474115,-241336844,87800429
70,ACCEL,144,136,-16088
70,GYRO,3,61,78
70,COMPASS,-32,-12,64
71,QUAT,608901712,-846879529,-239422402,87353503
71,ACCEL,-120,792,-16136
71,GYRO,74,30,35
71,COMPASS,-36,-10,65
72,QUAT,607695479,-848463148,-237268288,86257797
72,ACCEL,672,1080,-16264
72,GYRO,5,42,45
72,COMPASS,-31,-12,63
73,QUAT,609209084,-848113952,-234580833,86364028
73,ACCEL,1200,-576,-17384
73,GYRO,135,35,63
73,COMPASS,-32,-10,66
74,QUAT,610036036,-848456855,-231599355,85196668
74,ACCEL,56,624,-16704
74,GYRO,91,76,49
74,COMPASS,-33,-11,64
75,QUAT,609693993,-848452952,-231880941,86901414
75,ACCEL,216,800,-16728
75,GYRO,78,-82,17
75,COMPASS,-32,-10,62
76,QUAT,607355001,-851188682,-229568709,82559982
76,ACCEL,40,800,-16840
76,GYRO,-74,136,-7
76,COMPASS,-34,-10,66
77,QUAT,607606906,-849338993,-234297447,86382874
77,ACCEL,528,416,-17320
77,GYRO,138,-232,-81
77,COMPASS,-32,-6,67
78,QUAT,609849454,-846186791,-239440768,87403940
78,ACCEL,120,432,-17224
78,GYRO,198,-149,-168
78,COMPASS,-33,-9,64
79,QUAT,610995060,-845124818,-241310163,84486772
79,ACCEL,144,472,-17032
79,GYRO,102,24,-137
79,COMPASS,-30,-11,66
80,QUAT,612296819,-844644148,-240623291,81783375
80,ACCEL,-168,720,-16880
80,GYRO,103,77,-56
80,COMPASS,-31,-8,66
81,QUAT,611974245,-844764908,-240678744,82781739
81,ACCEL,240,224,-16608
81,GYRO,71,-58,9
81,COMPASS,-31,-10,68
82,QUAT,609505550,-847299392,-238263420,82079881
82,ACCEL,-56,440,-17048
82,GYRO,-45,36,70
82,COMPASS,-30,-5,66
83,QUAT,605490732,-849850845,-238369424,85058819
83,ACCEL,272,-8,-16744
83,GYRO,-69,-134,79
83,COMPASS,-30,-7,65
84,QUAT,601505802,-853512847,-235315743,85170239
84,ACCEL,-192,376,-17048
84,GYRO,-103,15,117
84,COMPASS,-29,-7,66
85,QUAT,598185135,-856968595,-231021159,85613653
85,ACCEL,-256,184,-16560
85,GYRO,-76,32,154
85,COMPASS,-31,-10,68
86,QUAT,597129493,-858114182,-229204515,86387880
86,ACCEL,752,960,-18024
86,GYRO,-38,-25,66
86,COMPASS,-32,-10,66
87,QUAT,594451605,-860691987,-226984340,85064501
87,ACCEL,-112,816,-16840
87,GYRO,-58,46,52
87,COMPASS,-31,-8,66
88,QUAT,593545773,-862512575,-222980630,83524904
88,ACCEL,-296,648,-16576
88,GYRO,10,101,88
88,COMPASS,-31,-8,64
89,QUAT,595042776,-861956277,-220151209,86082301
89,ACCEL,-392,608,-16968
89,GYRO,156,-32,110
89,COMPASS,-33,-10,65
90,QUAT,595348154,-860631728,-222112487,91983046
90,ACCEL,88,-248,-16904
90,GYRO,146,-237,38
90,COMPASS,-30,-8,66
91,QUAT,593598591,-863014641,-218959002,88457298
91,ACCEL,-840,568,-16640
91,GYRO,-42,137,28
91,COMPASS,-33,-8,64
92,QUAT,591147083,-865305342,-217566256,85895729
92,ACCEL,-432,-456,-16704
92,GYRO,-60,66,-2
92,COMPASS,-32,-10,66
93,QUAT,587801606,-868395093,-215720310,82252079
93,ACCEL,-448,224,-17112
93,GYRO,-106,105,-1
93,COMPASS,-31,-7,66
94,QUAT,585012918,-871080725,-213783666,78716282
94,ACCEL,-232,656,-16904
94,GYRO,-81,106,0
94,COMPASS,-32,-9,66
95,QUAT,580915350,-874202023,-212844084,76987382
95,ACCEL,-80,720,-16960
95,GYRO,-117,22,12
95,COMPASS,-32,-13,66
96,QUAT,575869966,-877807147,-212365171,75172652
96,ACCEL,88,840,-16856
96,GYRO,-157,14,5
96,COMPASS,-31,-9,63
97,QUAT,570395839,-881321381,-212678402,74904018
97,ACCEL,-32,608,-17256
97,GYRO,-158,-50,11
97,COMPASS,-33,-10,64
98,QUAT,568127411,-883860814,-209420590,71314994
98,ACCEL,64,720,-17032
98,GYRO,-60,135,37
98,COMPASS,-32,-12,65
99,QUAT,568073395,-884340360,-207421175,71642912
99,ACCEL,-408,488,-17504
99,GYRO,71,5,52
99,COMPASS,-30,-14,62
100,QUAT,569588761,-883905446,-204731550,72706967
100,ACCEL,-280,816,-16656
100,GYRO,139,4,77
100,COMPASS,-34,-14,65
101,QUAT,573557885,-880643437,-205288787,79224404
101,ACCEL,-144,800,-16376
101,GYRO,294,-208,62
101,COMPASS,-33,-9,65
102,QUAT,573978602,-879800878,-205957436,83678045
102,ACCEL,240,736,-16368
102,GYRO,128,-170,46
102,COMPASS,-33,-11,65
103,QUAT,572829287,-881045757,-203855037,83603881
103,ACCEL,-120,952,-16536
103,GYRO,19,11,57
103,COMPASS,-32,-12,66
104,QUAT,571103036,-883139650,-199564792,83672445
104,ACCEL,-312,576,-16592
104,GYRO,-8,48,131
104,COMPASS,-28,-10,66
105,QUAT,567708546,-886281400,-194948510,84432641
105,ACCEL,-384,520,-16240
105,GYRO,-74,27,166
105,COMPASS,-34,-10,65
106,QUAT,563160371,-889838028,-191520104,85324310
106,ACCEL,-384,736,-17208
106,GYRO,-115,-4,140
106,COMPASS,-34,-9,63
107,QUAT,556451731,-894989437,-188001430,83237968
107,ACCEL,-328,32,-16512
107,GYRO,-233,74,101
107,COMPASS,-32,-12,65
108,QUAT,548022694,-900913021,-185043234,81896165
108,ACCEL,-544,216,-17152
108,GYRO,-294,34,107
108,COMPASS,-34,-11,64
109,QUAT,537728551,-907508000,-183143326,81578421
109,ACCEL,-392,480,-17264
109,GYRO,-359,-27,103
109,COMPASS,-32,-12,63
110,QUAT,526958388,-914042600,-181978785,81522983
110,ACCEL,-552,1112,-17624
110,GYRO,-371,-53,84
110,COMPASS,-32,-15,60
111,QUAT,521120293,-918272322,-177693704,80961139
111,ACCEL,-216,744,-17648
111,GYRO,-175,43,145
111,COMPASS,-34,-14,59
112,QUAT,522176169,-919581218,-168944823,77978024
112,ACCEL,-1032,840,-16552
112,GYRO,82,228,199
112,COMPASS,-34,-17,60
113,QUAT,533637519,-915171734,-157253397,76710943
113,ACCEL,-504,1600,-15784
113,GYRO,520,266,261
113,COMPASS,-37,-19,61
114,QUAT,546521405,-909670018,-140540461,83573232
114,ACCEL,-1040,1584,-15696
114,GYRO,639,112,551
114,COMPASS,-38,-15,63
115,QUAT,547964333,-910146747,-127363203,89820572
115,ACCEL,80,160,-16496
115,GYRO,167,26,498
115,COMPASS,-41,-13,65
116,QUAT,538670991,-916612673,-117737025,93297224
116,ACCEL,504,784,-17520
116,GYRO,-289,19,400
116,COMPASS,-42,-9,63
117,QUAT,524305027,-924896593,-107188924,105366141
117,ACCEL,232,248,-17760
117,GYRO,-444,-249,603
117,COMPASS,-42,-12,67
118,QUAT,504418095,-935796728,-88410619,122278114
118,ACCEL,-256,440,-17232
118,GYRO,-620,-271,967
118,COMPASS,-45,-15,64
119,QUAT,484557334,-944951836,-62967879,145693909
119,ACCEL,-1424,912,-16968
119,GYRO,-548,-374,1273
119,COMPASS,-45,-14,65
120,QUAT,473492578,-949801746,-34369991,159440866
120,ACCEL,328,2232,-15040
120,GYRO,-213,-29,1163
120,COMPASS,-44,-18,63
121,QUAT,481717225,-945061561,-22033592,165054854
121,ACCEL,1184,3920,-15032
121,GYRO,459,-64,400
121,COMPASS,-47,-20,57
122,QUAT,495240534,-938661579,-21889513,161535135
122,ACCEL,2528,4584,-16136
122,GYRO,585,17,-160
122,COMPASS,-47,-20,59
123,QUAT,504928993,-934484282,-18459706,156097994
123,ACCEL,-256,2832,-16216
123,GYRO,442,151,-71
123,COMPASS,-51,-16,60
124,QUAT,512309791,-930703512,-16744836,154800707
124,ACCEL,-320,1848,-16904
124,GYRO,359,-4,-38
124,COMPASS,-48,-12,61
125,QUAT,514910330,-929620445,-12972406,153040962
125,ACCEL,-408,992,-17024
125,GYRO,172,56,45
125,COMPASS,-51,-14,63
126,QUAT,513649401,-930500560,-11849544,152013327
126,ACCEL,-344,1104,-17256
126,GYRO,6,-3,-3
126,COMPASS,-51,-11,65
127,QUAT,513091345,-930368914,-11391849,154712838
127,ACCEL,336,1240,-17512
127,GYRO,45,-136,40
127,COMPASS,-51,-9,65
128,QUAT,509568729,-932380338,-8847918,154397348
128,ACCEL,-152,888,-17272
128,GYRO,-78,1,65
128,COMPASS,-52,-14,65
129,QUAT,503620863,-935709219,-9162847,153791520
129,ACCEL,504,952,-17016
129,GYRO,-192,-30,-12
129,COMPASS,-50,-10,64
130,QUAT,498729478,-938139577,-9149527,154922016
130,ACCEL,56,672,-16808
130,GYRO,-143,-82,20
130,COMPASS,-51,-10,66
131,QUAT,495099386,-940344815,-5236321,153369833
131,ACCEL,-304,744,-15536
131,GYRO,-86,66,87
131,COMPASS,-52,-14,65
132,QUAT,492895837,-941883667,3241724,151062350
132,ACCEL,-648,720,-15584
132,GYRO,-7,163,209
132,COMPASS,-50,-15,62
133,QUAT,490465176,-943326936,14844864,149262581
133,ACCEL,-360,1192,-16280
133,GYRO,6,196,317
133,COMPASS,-50,-15,63
134,QUAT,485442226,-946393939,23759135,145056262
134,ACCEL,360,1280,-17064
134,GYRO,-113,234,206
134,COMPASS,-54,-15,64
135,QUAT,480124507,-949276099,26428268,143451363
135,ACCEL,440,1672,-17936
135,GYRO,-148,49,52
135,COMPASS,-51,-15,63
136,QUAT,477751842,-950356055,30309533,143454670
136,ACCEL,-120,1560,-17584
136,GYRO,-23,7,101
136,COMPASS,-55,-15,64
137,QUAT,479431850,-948786863,33933975,147371865
137,ACCEL,40,936,-17472
137,GYRO,142,-137,142
137,COMPASS,-54,-12,62
138,QUAT,479408106,-947852941,39755597,151932726
138,ACCEL,-504,608,-17224
138,GYRO,85,-117,228
138,COMPASS,-52,-13,61
139,QUAT,475102675,-948704518,46027517,158240198
139,ACCEL,-240,656,-16928
139,GYRO,-83,-154,289
139,COMPASS,-56,-14,63
140,QUAT,472796140,-948721726,54427833,162326063
140,ACCEL,-208,1016,-16304
140,GYRO,6,-57,311
140,COMPASS,-56,-13,62
141,QUAT,473134546,-947953413,64705384,162057077
141,ACCEL,-280,1448,-15656
141,GYRO,118,101,286
141,COMPASS,-57,-14,63
142,QUAT,472504631,-948045874,72462043,160058994
142,ACCEL,-408,1992,-16040
142,GYRO,66,123,181
142,COMPASS,-57,-14,60
143,QUAT,472362594,-947664834,79503872,159390421
143,ACCEL,-160,1720,-17264
143,GYRO,85,63,179
143,COMPASS,-55,-13,63
144,QUAT,472125509,-947101043,84232989,161006657
144,ACCEL,-432,1320,-17680
144,GYRO,66,-48,142
144,COMPASS,-60,-12,63
145,QUAT,468982352,-948419594,88092822,160363907
145,ACCEL,-8,1184,-17232
145,GYRO,-56,30,92
145,COMPASS,-56,-11,62
146,QUAT,467371438,-948466034,92033307,162563875
146,ACCEL,-416,784,-16848
146,GYRO,2,-69,134
146,COMPASS,-57,-10,63
147,QUAT,467833431,-947879156,97172080,161665144
147,ACCEL,-264,1072,-16024
147,GYRO,91,38,113
147,COMPASS,-59,-11,64
148,QUAT,467342914,-947991182,102889802,158864812
148,ACCEL,-88,928,-15768
148,GYRO,57,113,104
148,COMPASS,-58,-14,61
149,QUAT,467041473,-948415014,106997369,154446724
149,ACCEL,-472,1792,-16120
149,GYRO,60,144,25
149,COMPASS,-61,-9,65
150,QUAT,467993235,-948592105,110124544,148151912
150,ACCEL,88,1864,-16312
150,GYRO,107,182,-39
150,COMPASS,-59,-10,62
151,QUAT,468080943,-949095608,112081911,143095983
151,ACCEL,-328,1752,-16712
151,GYRO,66,131,-54
151,COMPASS,-59,-10,63
152,QUAT,460517037,-953254273,110183705,141458219
152,ACCEL,-224,1440,-17552
152,GYRO,-265,6,-100
152,COMPASS,-60,-11,62
153,QUAT,449476662,-959147244,108430496,138452069
153,ACCEL,-344,1888,-17024
153,GYRO,-397,78,-106
153,COMPASS,-61,-8,62
154,QUAT,441847548,-963832837,104321654,133533996
154,ACCEL,-360,2296,-16768
154,GYRO,-273,87,-224
154,COMPASS,-60,-10,62
155,QUAT,438861136,-967024859,98672009,124283572
155,ACCEL,-240,2408,-16296
155,GYRO,-93,183,-354
155,COMPASS,-58,-12,60
156,QUAT,440241705,-968419465,89776950,114931438
156,ACCEL,-368,2816,-16400
156,GYRO,65,118,-474
156,COMPASS,-61,-14,60
157,QUAT,441845418,-969674338,79326799,105493575
157,ACCEL,-40,2472,-17048
157,GYRO,72,98,-523
157,COMPASS,-58,-14,63
158,QUAT,441603307,-971573156,66935636,97309860
158,ACCEL,-72,2000,-17440
158,GYRO,-6,38,-561
158,COMPASS,-60,-14,62
159,QUAT,441880059,-973010041,54525036,89094364
159,ACCEL,48,2136,-17208
159,GYRO,19,38,-562
159,COMPASS,-58,-16,62
160,QUAT,443160440,-973920098,41613186,79204387
160,ACCEL,-40,1936,-17016
160,GYRO,63,90,-600
160,COMPASS,-57,-12,60
161,QUAT,444516232,-974514659,26125775,70423690
161,ACCEL,-56,2016,-17312
161,GYRO,64,14,-669
161,COMPASS,-51,-18,61
162,QUAT,445954398,-974546329,11247131,64590802
162,ACCEL,-40,1832,-17360
162,GYRO,76,-67,-599
162,COMPASS,-51,-12,62
163,QUAT,446409491,-974675140,-551092,60336969
163,ACCEL,-88,1168,-17480
163,GYRO,48,-69,-471
163,COMPASS,-49,-12,62
164,QUAT,444809004,-975361551,-9172490,60381968
164,ACCEL,352,600,-17424
164,GYRO,-23,-164,-299
164,COMPASS,-50,-16,62
165,QUAT,439576702,-977693475,-16507643,59445297
165,ACCEL,440,1000,-17144
165,GYRO,-164,-109,-263
165,COMPASS,-46,-15,62
166,QUAT,434602043,-979779186,-23962442,59157798
166,ACCEL,1048,1088,-16712
166,GYRO,-153,-132,-255
166,COMPASS,-46,-14,61
167,QUAT,429047338,-982320815,-29059436,55142089
167,ACCEL,792,936,-15984
167,GYRO,-180,28,-231
167,COMPASS,-47,-14,63
168,QUAT,426388160,-983643190,-33661648,49266945
168,ACCEL,560,1160,-15680
168,GYRO,-68,100,-248
168,COMPASS,-43,-14,63
169,QUAT,423897008,-985075939,-36276961,39267881
169,ACCEL,752,992,-15552
169,GYRO,-66,267,-240
169,COMPASS,-43,-14,59
170,QUAT,422644510,-985771568,-38303556,32866212
170,ACCEL,232,1176,-16072
170,GYRO,-7,157,-176
170,COMPASS,-44,-18,60
171,QUAT,422265643,-986105383,-36934935,29069586
171,ACCEL,168,1040,-16696
171,GYRO,36,122,-27
171,COMPASS,-43,-16,62
172,QUAT,421864814,-986369207,-33924584,29602893
172,ACCEL,184,992,-17296
172,GYRO,45,1,88
172,COMPASS,-44,-18,61
173,QUAT,420148893,-987175027,-30347399,30996777
173,ACCEL,568,1000,-17576
173,GYRO,-4,-22,122
173,COMPASS,-44,-17,60
174,QUAT,420144577,-987233139,-25848151,33204338
174,ACCEL,608,960,-17048
174,GYRO,63,-35,162
174,COMPASS,-42,-16,62
175,QUAT,420601741,-987053678,-18594987,37347268
175,ACCEL,192,784,-16856
175,GYRO,85,-59,279
175,COMPASS,-42,-15,60
176,QUAT,420811875,-986948665,-7999776,41316776
176,ACCEL,88,816,-16480
176,GYRO,78,-11,383
176,COMPASS,-45,-19,62
177,QUAT,421656322,-986448874,6294780,44791629
177,ACCEL,40,520,-16168
177,GYRO,107,55,496
177,COMPASS,-48,-19,61
178,QUAT,418390920,-987394424,19387006,50466418
178,ACCEL,304,824,-16688
178,GYRO,-50,-33,495
178,COMPASS,-45,-16,61
179,QUAT,414140788,-988533232,33591929,55520408
179,ACCEL,304,1248,-16360
179,GYRO,-84,3,524
179,COMPASS,-47,-15,62
180,QUAT,411815403,-988716499,48195784,58706172
180,ACCEL,56,1576,-16192
180,GYRO,-5,64,505
180,COMPASS,-51,-17,63
181,QUAT,409191153,-989232368,59925203,57553368
181,ACCEL,560,2552,-15984
181,GYRO,-17,165,348
181,COMPASS,-50,-19,60
182,QUAT,408747287,-988901173,70808400,53923967
182,ACCEL,448,3056,-16520
182,GYRO,74,233,286
182,COMPASS,-51,-14,62
183,QUAT,410250490,-987875652,78676852,50276041
183,ACCEL,440,2640,-16712
183,GYRO,142,186,184
183,COMPASS,-54,-15,59
184,QUAT,409710586,-987684091,84850733,48365510
184,ACCEL,328,2632,-17256
184,GYRO,57,112,153
184,COMPASS,-57,-14,61
185,QUAT,406824546,-988141825,92061413,50156956
185,ACCEL,-72,2112,-17232
185,GYRO,-41,11,238
185,COMPASS,-56,-15,62
186,QUAT,400957789,-989706795,99314239,52645041
186,ACCEL,32,1736,-17208
186,GYRO,-159,0,252
186,COMPASS,-52,-13,62
187,QUAT,398068200,-989867140,107575799,55204622
187,ACCEL,112,2040,-16752
187,GYRO,-41,-3,284
187,COMPASS,-57,-14,63
188,QUAT,397503152,-989335416,113406281,57112042
188,ACCEL,224,2144,-16720
188,GYRO,42,-27,190
188,COMPASS,-58,-16,61
189,QUAT,395009940,-989764774,117759937,58172369
189,ACCEL,792,2208,-17024
189,GYRO,-34,-12,131
189,COMPASS,-59,-15,60
190,QUAT,393242917,-989945757,120784021,60814161
190,ACCEL,720,1832,-17096
190,GYRO,-17,-86,107
190,COMPASS,-58,-15,60
191,QUAT,390975273,-990592566,122700764,61072832
191,ACCEL,720,1624,-16664
191,GYRO,-35,-19,37
191,COMPASS,-60,-15,62
192,QUAT,389672885,-990531965,127052567,61482592
192,ACCEL,280,1608,-16216
192,GYRO,9,4,119
192,COMPASS,-55,-17,60
193,QUAT,388483814,-990509418,131959272,58986174
193,ACCEL,32,1880,-16448
193,GYRO,28,111,101
193,COMPASS,-61,-11,61
194,QUAT,387184268,-990624122,135491320,57581587
194,ACCEL,656,2248,-16568
194,GYRO,16,54,69
194,COMPASS,-60,-14,62
195,QUAT,384238639,-991410043,138664912,56216731
195,ACCEL,624,2032,-16976
195,GYRO,-48,57,58
195,COMPASS,-60,-14,62
196,QUAT,381350801,-992604340,138906653,54087721
196,ACCEL,832,2440,-16864
196,GYRO,-52,45,-51
196,COMPASS,-61,-13,61
197,QUAT,380338923,-993127681,138972267,51443009
197,ACCEL,856,2768,-16472
197,GYRO,20,49,-66
197,COMPASS,-61,-16,63
198,QUAT,380921978,-993122434,138565981,48188300
198,ACCEL,680,2648,-16168
198,GYRO,82,58,-88
198,COMPASS,-59,-14,59
199,QUAT,380708365,-993580017,136902523,45116757
199,ACCEL,824,2528,-15984
199,GYRO,46,41,-127
199,COMPASS,-61,-14,63
200,QUAT,380640911,-994029877,134643269,42504781
200,ACCEL,1184,2120,-16280
200,GYRO,48,17,-139
200,COMPASS,-60,-14,60
201,QUAT,379658856,-994998745,131404344,38614126
201,ACCEL,1248,1848,-16536
201,GYRO,15,51,-190
201,COMPASS,-59,-16,58
202,QUAT,378949622,-995666176,130209288,31807888
202,ACCEL,960,1256,-16288
202,GYRO,42,177,-156
202,COMPASS,-60,-14,59
203,QUAT,379150344,-995793016,130741377,21652076
203,ACCEL,792,1216,-16520
203,GYRO,97,308,-140
203,COMPASS,-58,-16,62
204,QUAT,373501233,-998526666,127214507,13388030
204,ACCEL,912,2168,-17384
204,GYRO,-137,220,-260
204,COMPASS,-61,-18,60
205,QUAT,366885041,-1002762182,113020810,3170044
205,ACCEL,1240,3872,-16928
205,GYRO,-179,162,-642
205,COMPASS,-57,-15,63
206,QUAT,366239642,-1004786479,95158273,-11734602
206,ACCEL,2024,3624,-15840
206,GYRO,64,255,-809
206,COMPASS,-56,-15,58
207,QUAT,366822168,-1005675708,79897308,-24385399
207,ACCEL,664,2392,-16104
207,GYRO,109,216,-691
207,COMPASS,-58,-16,58
208,QUAT,367157161,-1006409902,64379911,-33323072
208,ACCEL,1448,1648,-17456
208,GYRO,95,91,-647
208,COMPASS,-56,-15,63
209,QUAT,366126346,-1007500177,49690021,-36686368
209,ACCEL,1784,1064,-18200
209,GYRO,-24,-80,-557
209,COMPASS,-51,-18,60
210,QUAT,362691952,-1009264807,32569321,-41187849
210,ACCEL,2464,1656,-17744
210,GYRO,-52,-72,-648
210,COMPASS,-51,-17,63
211,QUAT,362224243,-1009606661,9129524,-48190901
211,ACCEL,2720,1912,-16976
211,GYRO,76,-64,-885
211,COMPASS,-52,-18,59
212,QUAT,369249589,-1006594991,-12516440,-56441172
212,ACCEL,2064,1200,-16216
212,GYRO,364,10,-825
212,COMPASS,-47,-17,60
213,QUAT,380621143,-1001451204,-31746065,-64293903
213,ACCEL,1032,1160,-15920
213,GYRO,533,40,-731
213,COMPASS,-42,-16,60
214,QUAT,370872706,-1004563160,-43522871,-65827816
214,ACCEL,1368,512,-15712
214,GYRO,-296,-114,-432
214,COMPASS,-42,-13,64
215,QUAT,366713634,-1005608905,-53092768,-66131072
215,ACCEL,-480,-1432,-18736
215,GYRO,-132,-119,-336
215,COMPASS,-39,-12,62
216,QUAT,377510074,-1000806696,-58193144,-73533423
216,ACCEL,2368,2552,-13576
216,GYRO,422,214,-251
216,COMPASS,-39,-15,60
217,QUAT,377463192,-999728381,-62910197,-83836245
217,ACCEL,264,304,-17944
217,GYRO,57,301,-292
217,COMPASS,-39,-15,65
218,QUAT,377971116,-998840779,-73932882,-83080377
218,ACCEL,1512,1328,-16464
218,GYRO,113,-152,-354
218,COMPASS,-40,-13,63
219,QUAT,381541559,-996869009,-81729397,-83186709
219,ACCEL,512,1064,-17296
219,GYRO,219,-66,-253
219,COMPASS,-40,-12,63
220,QUAT,386102202,-994557726,-88229255,-83168731
220,ACCEL,376,592,-16248
220,GYRO,249,-49,-206
220,COMPASS,-38,-11,66
221,QUAT,384562900,-993969970,-92489273,-92207844
221,ACCEL,496,976,-16120
221,GYRO,-10,262,-258
221,COMPASS,-35,-9,65
222,QUAT,383684435,-993868615,-97620250,-91669018
222,ACCEL,752,1776,-18096
222,GYRO,-12,-82,-162
222,COMPASS,-37,-10,64
223,QUAT,383900288,-993076648,-100132396,-96510795
223,ACCEL,616,1984,-16584
223,GYRO,62,152,-139
223,COMPASS,-34,-10,66
224,QUAT,384688294,-992145888,-96217033,-106419967
224,ACCEL,936,1896,-17336
224,GYRO,46,409,14
224,COMPASS,-38,-10,64
225,QUAT,383574986,-992393484,-92324613,-111458795
225,ACCEL,-1216,-128,-16752
225,GYRO,-26,245,67
225,COMPASS,-38,-9,65
226,QUAT,370160235,-997942895,-88168113,-110629638
226,ACCEL,1104,-320,-16768
226,GYRO,-488,-14,127
226,COMPASS,-38,-11,68
227,QUAT,347581033,-1007351381,-55177222,-119614345
227,ACCEL,952,376,-17176
227,GYRO,-978,632,947
227,COMPASS,-38,-12,64
228,QUAT,342232794,-1010578240,-41428951,-113196525
228,ACCEL,2480,1144,-15232
228,GYRO,-219,-68,537
228,COMPASS,-41,-13,63
229,QUAT,349513047,-1008552859,-33715328,-111564052
229,ACCEL,-2184,2360,-18736
229,GYRO,243,51,305
229,COMPASS,-44,-18,62
230,QUAT,354121551,-1008064181,-19297252,-104659708
230,ACCEL,2344,2064,-17104
230,GYRO,169,-48,596
230,COMPASS,-47,-14,63
231,QUAT,358014939,-1008697206,-6922101,-85022586
231,ACCEL,1984,2360,-15648
231,GYRO,146,-515,670
231,COMPASS,-46,-17,62
232,QUAT,350763816,-1012480628,2125285,-69026871
232,ACCEL,1640,1480,-15960
232,GYRO,-263,-445,480
232,COMPASS,-47,-14,65
233,QUAT,342813128,-1015639089,11794806,-61145417
233,ACCEL,2264,1440,-16752
233,GYRO,-279,-164,405
233,COMPASS,-47,-12,63
234,QUAT,340821808,-1016755088,27054015,-47319475
234,ACCEL,1160,4008,-15568
234,GYRO,-60,-304,668
234,COMPASS,-49,-17,61
235,QUAT,338282277,-1016333571,47999980,-56996633
235,ACCEL,1304,4832,-16280
235,GYRO,-44,564,591
235,COMPASS,-47,-18,60
236,QUAT,332381197,-1017930305,59091274,-52632510
236,ACCEL,3008,1688,-17440
236,GYRO,-194,-32,409
236,COMPASS,-52,-16,63
237,QUAT,324746861,-1019140552,72305004,-59874468
237,ACCEL,2536,2480,-18248
237,GYRO,-282,397,340
237,COMPASS,-53,-18,63
238,QUAT,324722069,-1017983774,84869191,-63109320
238,ACCEL,1880,1288,-17480
238,GYRO,46,237,386
238,COMPASS,-55,-18,58
239,QUAT,327484240,-1016295766,96353438,-59448574
239,ACCEL,1344,768,-17088
239,GYRO,127,-18,428
239,COMPASS,-54,-19,58
240,QUAT,329066036,-1014593572,108716597,-58457981
240,ACCEL,576,720,-15360
240,GYRO,89,88,424
240,COMPASS,-57,-18,62
241,QUAT,331108179,-1012426686,120609243,-61108713
241,ACCEL,800,-1648,-16272
241,GYRO,118,206,372
241,COMPASS,-58,-15,58
242,QUAT,325552138,-1011683529,137868357,-66524951
242,ACCEL,1640,-1520,-18472
242,GYRO,-193,386,499
242,COMPASS,-62,-16,61
243,QUAT,324413091,-1011352780,150216276,-47725246
243,ACCEL,2496,-832,-17984
243,GYRO,-149,-514,600
243,COMPASS,-62,-17,60
244,QUAT,310998752,-1013509442,164343960,-44602427
244,ACCEL,1536,-304,-18088
244,GYRO,-517,96,458
244,COMPASS,-64,-13,61
245,QUAT,311131860,-1012415304,173397024,-32643133
245,ACCEL,80,-504,-15304
245,GYRO,-28,-332,412
245,COMPASS,-66,-14,56
246,QUAT,316302410,-1009012994,185330913,-20443500
246,ACCEL,-96,-712,-15712
246,GYRO,162,-341,527
246,COMPASS,-65,-16,60
247,QUAT,319073317,-1005636302,199131682,-12441206
247,ACCEL,64,1608,-17480
247,GYRO,117,-170,539
247,COMPASS,-66,-18,62
248,QUAT,320025795,-1002936099,211231229,2128357
248,ACCEL,1768,1440,-18328
248,GYRO,-46,-392,546
248,COMPASS,-66,-14,59
249,QUAT,319510018,-999637040,226624016,14181529
249,ACCEL,1888,8,-15728
249,GYRO,-34,-281,635
249,COMPASS,-68,-15,59
250,QUAT,321116542,-994668146,244756146,23119141
250,ACCEL,1528,-984,-15400
250,GYRO,74,-164,705
250,COMPASS,-68,-11,58
251,QUAT,316810949,-989528036,269595210,26524010
251,ACCEL,1424,-1376,-15296
251,GYRO,-75,139,872
251,COMPASS,-67,-13,57
252,QUAT,304099820,-986709385,293483340,26768749
252,ACCEL,1336,-720,-15544
252,GYRO,-340,340,836
252,COMPASS,-72,-10,63
253,QUAT,292149019,-983699217,314844259,27917514
253,ACCEL,1360,32,-15472
253,GYRO,-323,276,762
253,COMPASS,-75,-9,60
254,QUAT,282319175,-981609071,330135379,25916277
254,ACCEL,1336,1944,-17544
254,GYRO,-224,297,517
254,COMPASS,-77,-9,56
255,QUAT,279860177,-979329446,338532837,30122383
255,ACCEL,-208,4488,-17096
255,GYRO,-46,-49,339
255,COMPASS,-77,-10,56
0,QUAT,283881441,-977535001,340469686,28957714
0,ACCEL,-824,4968,-17856
0,GYRO,164,9,69
0,COMPASS,-83,-9,58
1,QUAT,286090232,-977006899,340580397,23160244
1,ACCEL,-1544,5136,-16384
1,GYRO,198,156,-56
1,COMPASS,-82,-8,57
2,QUAT,288159311,-976948627,339278217,18638289
2,ACCEL,-192,4176,-18184
2,GYRO,119,112,-87
2,COMPASS,-84,-7,57
3,QUAT,285272138,-977997478,338761556,17402707
3,ACCEL,-160,3480,-18040
3,GYRO,-91,69,-39
3,COMPASS,-83,-8,59
4,QUAT,273120203,-980278070,342288207,14849360
4,ACCEL,-800,1952,-15560
4,GYRO,-350,247,69
4,COMPASS,-80,-9,54
5,QUAT,267943081,-981471472,342860814,16955919
5,ACCEL,-1088,1976,-13760
5,GYRO,-205,-4,27
5,COMPASS,-82,-4,57
6,QUAT,263674910,-980223114,349664894,17149685
6,ACCEL,-1392,2000,-15176
6,GYRO,-90,96,238
6,COMPASS,-84,-6,56
7,QUAT,268975807,-979398000,347251758,27720201
7,ACCEL,224,1264,-12416
7,GYRO,42,-463,-42
7,COMPASS,-80,-10,53
8,QUAT,272596781,-975260548,356240277,23920708
8,ACCEL,1728,16,-16456
8,GYRO,242,138,309
8,COMPASS,-81,-13,56
9,QUAT,270353557,-973576157,362845846,17967141
9,ACCEL,-704,-2264,-17200
9,GYRO,44,268,184
9,COMPASS,-82,-5,58
10,QUAT,257674354,-967853243,386982110,5408783
10,ACCEL,-1400,-464,-14832
10,GYRO,-168,774,749
10,COMPASS,-84,-6,57
11,QUAT,262212337,-957432508,409240691,3333735
11,ACCEL,392,-1456,-17528
11,GYRO,297,183,841
11,COMPASS,-84,-9,54
12,QUAT,284657801,-947321415,416268028,34561659
12,ACCEL,4008,1032,-25864
12,GYRO,382,-1251,637
12,COMPASS,-88,-5,56
13,QUAT,290799393,-930453409,449686091,19901896
13,ACCEL,2128,2048,-18232
13,GYRO,600,680,1151
13,COMPASS,-91,-3,57
14,QUAT,299121733,-918716960,467791377,24040983
14,ACCEL,-2848,2568,-24608
14,GYRO,324,-86,777
14,COMPASS,-92,5,58
15,QUAT,301530904,-916061303,471959906,9271730
15,ACCEL,1168,2672,-19224
15,GYRO,336,457,20
15,COMPASS,-92,4,56
16,QUAT,310647225,-921472312,454944164,-18246113
16,ACCEL,-1104,6696,-18160
16,GYRO,656,531,-890
16,COMPASS,-94,8,60
17,QUAT,320142234,-938360819,409691459,-45401933
17,ACCEL,-3344,9888,-17104
17,GYRO,560,213,-1936
17,COMPASS,-95,9,58
18,QUAT,321499205,-966078254,337816028,-46174240
18,ACCEL,-3928,12472,-12712
18,GYRO,-136,-810,-2656
18,COMPASS,-90,6,57
19,QUAT,324106539,-986416948,267287285,-58437714
19,ACCEL,-528,13992,-4784
19,GYRO,178,-429,-2654
19,COMPASS,-85,5,61
20,QUAT,337079463,-1001062400,172024520,-87066041
20,ACCEL,9992,10720,-9504
20,GYRO,777,-274,-3555
20,COMPASS,-81,-2,61
21,QUAT,324165898,-1013313867,83421816,-118630466
21,ACCEL,13712,6272,-18512
21,GYRO,-135,100,-3451
21,COMPASS,-70,-6,64
22,QUAT,322526432,-1007254397,29444728,-182945491
22,ACCEL,11888,-2488,-23424
22,GYRO,402,1646,-2513
22,COMPASS,-58,-7,65
23,QUAT,328823145,-1003541051,-9824150,-193921066
23,ACCEL,9232,-4608,-23344
23,GYRO,499,-24,-1386
23,COMPASS,-60,-14,63
24,QUAT,355955812,-992403954,-41019142,-199170249
24,ACCEL,-280,-12616,-23368
24,GYRO,1229,-71,-917
24,COMPASS,-56,-15,64
25,QUAT,395429415,-979931040,-73477628,-175755563
25,ACCEL,-520,-13288,-11216
25,GYRO,1696,-990,-554
25,COMPASS,-49,-6,68
26,QUAT,424427226,-957118371,-57297968,-231136616
26,ACCEL,-2912,-13152,896
26,GYRO,1006,2278,-57
26,COMPASS,-44,0,69
27,QUAT,425979640,-960237346,64718822,-212645745
27,ACCEL,-17288,-1808,-19448
27,GYRO,-936,1167,4257
27,COMPASS,-48,5,71
28,QUAT,376675808,-975908773,78883397,-228946097
28,ACCEL,6672,20432,-26888
28,GYRO,-1892,762,-126
28,COMPASS,-59,5,71
29,QUAT,339069229,-983092892,-47510795,-263105677
29,ACCEL,32767,32767,-24296
29,GYRO,-300,-397,-4875
29,COMPASS,-68,0,68
30,QUAT,292417644,-970946605,-188567448,-298527088
30,ACCEL,32767,32767,-15336
30,GYRO,-261,-373,-5496
30,COMPASS,-54,-7,68
31,QUAT,210356589,-933945684,-332349282,-354909838
31,ACCEL,32767,19096,-19552
31,GYRO,-1331,300,-6333
31,COMPASS,-49,-10,65
32,QUAT,140313537,-870600260,-454827964,-410389747
32,ACCEL,32767,-3936,-19064
32,GYRO,-925,863,-5837
32,COMPASS,-31,-11,63
33,QUAT,130297727,-828495001,-503729638,-442488884
33,ACCEL,27016,-23064,-20256
33,GYRO,134,1164,-2341
33,COMPASS,-13,-7,58
34,QUAT,230868203,-866725827,-439919307,-393546065
34,ACCEL,17032,-32767,-28336
34,GYRO,2516,44,4152
34,COMPASS,-11,-1,62
35,QUAT,345944735,-964366250,-301036435,-112332242
35,ACCEL,30000,-32767,-32767
35,GYRO,4743,-7317,9505
35,COMPASS,-11,0,66
36,QUAT,774141429,-666892012,282865591,169906003
36,ACCEL,7336,-32767,-32767
36,GYRO,12378,-800,32767
36,COMPASS,-11,3,67
37,QUAT,266723526,-487960031,898254580,191869184
37,ACCEL,32767,-32767,-32767
37,GYRO,-5193,20366,32767
37,COMPASS,-47,24,77
38,QUAT,654358097,190290703,723817076,405726139
38,ACCEL,2048,14784,1264
38,GYRO,-12644,-13271,32767
38,COMPASS,-50,79,78
39,QUAT,380924862,-747888212,-663374718,-91704955
39,ACCEL,-1312,2968,-3320
39,GYRO,16599,-1774,32767
39,COMPASS,-39,22,82
40,QUAT,528184394,-916218524,83111761,-166068287
40,ACCEL,14536,10760,-21968
40,GYRO,-8323,15228,32767
40,COMPASS,-57,45,78
41,QUAT,566433434,-670010497,528210924,322728718
41,ACCEL,1208,18336,-24400
41,GYRO,-8178,-13687,32767
41,COMPASS,-34,58,81
42,QUAT,375860413,-129293390,971593851,225696819
42,ACCEL,4792,3792,-6224
42,GYRO,13634,2354,32767
42,COMPASS,-61,13,71
43,QUAT,606399577,-396562054,-704468011,-362854326
43,ACCEL,14296,9344,-7920
43,GYRO,-10118,11423,32767
43,COMPASS,-46,64,77
44,QUAT,397220689,-934204394,-342172090,-72887384
44,ACCEL,904,14568,-23832
44,GYRO,-3908,-12186,32767
44,COMPASS,-34,39,84
45,QUAT,683341632,-764849473,308023460,78053927
45,ACCEL,5600,1272,-18048
45,GYRO,10787,4931,32767
45,COMPASS,-68,35,72
46,QUAT,316706926,-512203506,839126674,293480339
46,ACCEL,8984,10872,-6824
46,GYRO,-9735,7540,32767
46,COMPASS,-18,59,77
47,QUAT,241706916,211483158,947398298,390141763
47,ACCEL,952,14400,-15744
47,GYRO,-611,-10638,32767
47,COMPASS,-46,26,83
48,QUAT,443059890,-716700447,-630523894,-213060118
48,ACCEL,7680,3360,-22664
48,GYRO,6973,6035,32767
48,COMPASS,-57,51,77
49,QUAT,411005347,-986510497,42964177,-94589727
49,ACCEL,7440,13936,-18464
49,GYRO,-8866,3733,32767
49,COMPASS,-23,37,80
50,QUAT,617126964,-643030850,542294517,253968405
50,ACCEL,3464,11512,-9488
50,GYRO,1009,-7906,32767
50,COMPASS,-74,44,77
51,QUAT,73193525,-172554977,1016921542,289239641
51,ACCEL,7576,3976,-14976
51,GYRO,4007,6834,32767
51,COMPASS,-41,61,82
52,QUAT,367888064,-485247815,-799361486,-378331646
52,ACCEL,8312,13264,-20224
52,GYRO,-7802,1183,32767
52,COMPASS,-36,24,80
53,QUAT,578997350,-847591843,-307217072,-69923510
53,ACCEL,3312,7728,-12592
53,GYRO,2158,-5539,32767
53,COMPASS,-64,59,77
54,QUAT,501198199,-873082062,370259419,48554554
54,ACCEL,7088,6184,-13040
54,GYRO,2453,6603,32767
54,COMPASS,-24,28,77
55,QUAT,505258600,-439328765,778433849,314111814
55,ACCEL,6376,12920,-18008
55,GYRO,-6361,-600,32767
55,COMPASS,-51,29,80
56,QUAT,91070908,-218577125,-985100675,-355567366
56,ACCEL,3184,6936,-18168
56,GYRO,2621,-3369,32767
56,COMPASS,-53,67,80
57,QUAT,658481730,-638991801,-512832637,-219121684
57,ACCEL,7136,8080,-11664
57,GYRO,858,5352,32767
57,COMPASS,-38,19,78
58,QUAT,386635303,-1000810200,41354983,-10160604
58,ACCEL,6368,11592,-13480
58,GYRO,-5256,-1569,32767
58,COMPASS,-61,68,76
59,QUAT,400417462,-709555341,661188861,227920753
59,ACCEL,3376,7928,-19192
59,GYRO,2756,-1284,32767
59,COMPASS,-38,54,82
60,QUAT,231665734,-134444682,987752768,324840585
60,ACCEL,7744,8744,-16312
60,GYRO,-532,4098,32767
60,COMPASS,-56,19,77
61,QUAT,554739454,-481988594,-720800505,-305477768
61,ACCEL,6176,10536,-14472
61,GYRO,-3818,-1740,32767
61,COMPASS,-44,71,76
62,QUAT,385436891,-950966220,-294593484,-115055556
62,ACCEL,3992,7320,-14568
62,GYRO,2693,-80,32767
62,COMPASS,-42,13,76
63,QUAT,655032522,-771798424,350458155,73202963
63,ACCEL,7720,9184,-13936
63,GYRO,-1789,3249,32767
63,COMPASS,-62,30,74
64,QUAT,179672899,-445346346,897070305,342885776
64,ACCEL,4736,9424,-11352
64,GYRO,-2497,-1653,32767
64,COMPASS,-33,65,79
65,QUAT,588235563,-204760453,-831219837,-272115923
65,ACCEL,4832,7704,-12128
65,GYRO,2551,718,32767
65,COMPASS,-53,13,74
66,QUAT,349666913,-802045586,-566804159,-257119570
66,ACCEL,7368,9112,-15368
66,GYRO,-2733,2182,32767
66,COMPASS,-46,76,75
67,QUAT,627576812,-868263941,71901557,2440906
67,ACCEL,4496,9512,-16128
67,GYRO,-1194,-1442,32767
67,COMPASS,-24,54,81
68,QUAT,304847027,-701646735,724322368,207456831
68,ACCEL,5944,8312,-13520
68,GYRO,1624,1182,32767
68,COMPASS,-69,22,73
69,QUAT,585706919,-76285316,840453870,312548707
69,ACCEL,7160,9200,-13064
69,GYRO,-2960,1585,32767
69,COMPASS,-33,72,76
70,QUAT,196005766,-585544814,-822697460,-307910873
70,ACCEL,4840,9216,-14896
70,GYRO,-63,-1124,32767
70,COMPASS,-48,8,77
71,QUAT,663356731,-812506405,-207315750,-98651257
71,ACCEL,6512,7984,-14352
71,GYRO,562,1477,32767
71,COMPASS,-78,36,73
72,QUAT,318577550,-913110847,450798740,120157045
72,ACCEL,6000,9600,-11960
72,GYRO,-2603,1101,32767
72,COMPASS,-19,68,78
73,QUAT,601628141,-335456487,782167994,258160072
73,ACCEL,4584,8704,-12776
73,GYRO,538,-852,32767
73,COMPASS,-63,11,71
74,QUAT,99334923,-285154310,-971451239,-343545140
74,ACCEL,6552,7960,-13552
74,GYRO,-322,1754,32767
74,COMPASS,-43,82,72
75,QUAT,634081625,-708664141,-455514459,-202874081
75,ACCEL,5080,9168,-11744
75,GYRO,-1948,656,32767
75,COMPASS,-15,53,75
76,QUAT,384467395,-994408706,125711974,21310259
76,ACCEL,5080,8768,-12208
76,GYRO,540,-538,32767
76,COMPASS,-79,19,68
77,QUAT,620962429,-575809587,630993892,193936835
77,ACCEL,6088,7896,-12720
77,GYRO,-1079,1816,32767
77,COMPASS,-30,79,74
78,QUAT,36497136,-44345158,1011686751,355123768
78,ACCEL,5376,9008,-14160
78,GYRO,-1285,238,32767
78,COMPASS,-46,0,74
79,QUAT,606596243,-523861066,-673867823,-237556438
79,ACCEL,5320,8464,-13368
79,GYRO,149,-385,32767
79,COMPASS,-83,31,69
80,QUAT,353327699,-986831397,-197973039,-122684600
80,ACCEL,6344,8104,-14632
80,GYRO,-1136,1810,32767
80,COMPASS,-17,72,76
81,QUAT,645074872,-745364113,410998980,110946534
81,ACCEL,5200,9456,-15600
81,GYRO,-828,-70,32767
81,COMPASS,-63,2,67
82,QUAT,165605347,-361125184,946935122,313685826
82,ACCEL,5616,8312,-15128
82,GYRO,-119,121,32767
82,COMPASS,-51,90,70
83,QUAT,590711848,-273292196,-801964760,-293504313
83,ACCEL,5304,8192,-12848
83,GYRO,-859,1581,32767
83,COMPASS,-10,56,75
84,QUAT,303488789,-867569138,-515082543,-206952930
84,ACCEL,5520,9656,-12656
84,GYRO,-816,-223,32767
84,COMPASS,-77,11,66
85,QUAT,656496934,-836915447,145211338,20448282
85,ACCEL,5896,7792,-12928
85,GYRO,-435,506,32767
85,COMPASS,-34,90,73
86,QUAT,242662079,-652892437,784631479,228301374
86,ACCEL,5048,8512,-13048
86,GYRO,-677,1338,32767
86,COMPASS,-36,-6,70
